url,status,content_type,bytes,local_path
https://www.ecgsim.org/,downloaded,text/html; charset=UTF-8,3486,research\source\www.ecgsim.org\index.html
https://www.ecgsim.org/introduction.php,downloaded,text/html; charset=UTF-8,7306,research\source\www.ecgsim.org\introduction.php
https://www.ecgsim.org/downloads/,downloaded,text/html; charset=UTF-8,6250,research\source\www.ecgsim.org\downloads\index.html
https://www.ecgsim.org/manual/,downloaded,text/html; charset=UTF-8,9881,research\source\www.ecgsim.org\manual\index.html
https://www.ecgsim.org/aboutus.php,downloaded,text/html; charset=UTF-8,9240,research\source\www.ecgsim.org\aboutus.php
https://www.ecgsim.org/contact.php,downloaded,text/html; charset=UTF-8,2389,research\source\www.ecgsim.org\contact.php
https://www.ecgsim.org/favicon.ico,downloaded,image/vnd.microsoft.icon,32038,research\source\www.ecgsim.org\favicon.ico
https://www.ecgsim.org/stylesheet.css,downloaded,text/css,4716,research\source\www.ecgsim.org\stylesheet.css
https://www.ecgsim.org/graphics/logotype.png,downloaded,image/png,19078,research\source\www.ecgsim.org\graphics\logotype.png
https://www.ecgsim.org/graphics/whitespace.png,downloaded,image/png,934,research\source\www.ecgsim.org\graphics\whitespace.png
http://www.ru.nl/mbphysics/,skipped_external,,0,
https://www.ecgsim.org/manual/license.php,downloaded,text/html; charset=UTF-8,5337,research\source\www.ecgsim.org\manual\license.php
https://www.ecgsim.org/pictures/horizontaal/IMG_8420.jpg,downloaded,image/jpeg,81428,research\source\www.ecgsim.org\pictures\horizontaal\IMG_8420.jpg
https://www.ecgsim.org/index.php,downloaded,text/html; charset=UTF-8,3486,research\source\www.ecgsim.org\index.php
https://www.ecgsim.org/graphics/hartlogotype-new-775.png,downloaded,image/png,14423,research\source\www.ecgsim.org\graphics\hartlogotype-new-775.png
https://www.ecgsim.org/hik.js,downloaded,text/javascript,437,research\source\www.ecgsim.org\hik.js
https://www.ecgsim.org/downloads,downloaded,text/html; charset=UTF-8,6250,research\source\www.ecgsim.org\downloads\index.html
https://www.ecgsim.org/manual/graphics/ecgsim_initial.png,downloaded,image/png,156771,research\source\www.ecgsim.org\manual\graphics\ecgsim_initial.png
https://www.ecgsim.org/manual/ref.php,downloaded,text/html; charset=UTF-8,11433,research\source\www.ecgsim.org\manual\ref.php
http://www.ru.nl/mbphysics,skipped_external,,0,
http://www.ecgsim.org,downloaded,text/html; charset=UTF-8,3486,research\source\www.ecgsim.org\index.html
https://www.ecgsim.org/manual/update.php,downloaded,text/html; charset=UTF-8,8084,research\source\www.ecgsim.org\manual\update.php
https://www.ecgsim.org/downloads/downloadsgraphics/whitespace.png,downloaded,image/png,2803,research\source\www.ecgsim.org\downloads\downloadsgraphics\whitespace.png
https://www.ecgsim.org/downloads/tutorial.php,downloaded,text/html; charset=UTF-8,2687,research\source\www.ecgsim.org\downloads\tutorial.php
https://www.ecgsim.org/downloads/cases.php,downloaded,text/html; charset=UTF-8,3769,research\source\www.ecgsim.org\downloads\cases.php
https://www.ecgsim.org/downloads/othermaterial.php,downloaded,text/html; charset=UTF-8,3290,research\source\www.ecgsim.org\downloads\othermaterial.php
https://www.ecgsim.org/downloads/downloadsgraphics/donate2.png,downloaded,image/png,2599,research\source\www.ecgsim.org\downloads\downloadsgraphics\donate2.png
https://www.paypal.com/nl/webapps/mpp/paypal-popup,skipped_external_navigation,,0,
https://www.ecgsim.org/downloads/downloadsgraphics/logo_betalen_met_paypal_nl.png,downloaded,image/png,18205,research\source\www.ecgsim.org\downloads\downloadsgraphics\logo_betalen_met_paypal_nl.png
https://www.ecgsim.org/downloads/ECGsim-3.0.1.zip,skipped_app_package,,0,
https://www.ecgsim.org/downloads/ECGsim-3.0.1.dmg,skipped_app_package,,0,
https://www.ecgsim.org/downloads/ECGSim-3.0.0-windows-installer.exe,skipped_app_package,,0,
https://www.ecgsim.org/downloads/ECGSim-3.0.0-osx-installer.dmg,skipped_app_package,,0,
https://www.ecgsim.org/downloads/ECGSim-2.2.1-windows-installer.exe,skipped_app_package,,0,
https://www.ecgsim.org/downloads/ECGSim-2.2.1-osx-installer.dmg,skipped_app_package,,0,
https://www.ecgsim.org/downloads/ECGSim-2.1.1-windows-installer.exe,skipped_app_package,,0,
https://www.ecgsim.org/downloads/ECGSim-2.1.1-osx-installer.dmg,skipped_app_package,,0,
https://www.ecgsim.org/downloads/ecgsimw14.exe,skipped_app_package,,0,
https://www.ecgsim.org/downloads/ecgsimw13.exe,skipped_app_package,,0,
https://www.ecgsim.org/downloads/ecgsim13.dmg,skipped_app_package,,0,
https://www.ecgsim.org/manual/changes.php,downloaded,text/html; charset=UTF-8,11383,research\source\www.ecgsim.org\manual\changes.php
https://www.ecgsim.org/pictures/horizontaal/IMG_8637.jpg,downloaded,image/jpeg,75794,research\source\www.ecgsim.org\pictures\horizontaal\IMG_8637.jpg
https://www.ecgsim.org/manual/graphics/whitespace.png,downloaded,image/png,934,research\source\www.ecgsim.org\manual\graphics\whitespace.png
https://www.ecgsim.org/manual/basic.php,downloaded,text/html; charset=UTF-8,7415,research\source\www.ecgsim.org\manual\basic.php
https://www.ecgsim.org/manual/heart.php,downloaded,text/html; charset=UTF-8,24307,research\source\www.ecgsim.org\manual\heart.php
https://www.ecgsim.org/manual/thorax.php,downloaded,text/html; charset=UTF-8,14522,research\source\www.ecgsim.org\manual\thorax.php
https://www.ecgsim.org/manual/membrane.php,downloaded,text/html; charset=UTF-8,10662,research\source\www.ecgsim.org\manual\membrane.php
https://www.ecgsim.org/manual/leads.php,downloaded,text/html; charset=UTF-8,13622,research\source\www.ecgsim.org\manual\leads.php
https://www.ecgsim.org/manual/toolbox.php,downloaded,text/html; charset=UTF-8,9908,research\source\www.ecgsim.org\manual\toolbox.php
https://www.ecgsim.org/manual/focus.php,downloaded,text/html; charset=UTF-8,9531,research\source\www.ecgsim.org\manual\focus.php
https://www.ecgsim.org/manual/options.php,downloaded,text/html; charset=UTF-8,8804,research\source\www.ecgsim.org\manual\options.php
https://www.ecgsim.org/manual/file.php,downloaded,text/html; charset=UTF-8,22581,research\source\www.ecgsim.org\manual\file.php
https://www.ecgsim.org/manual/graphics/ECGsimmain.PNG,downloaded,image/png,195710,research\source\www.ecgsim.org\manual\graphics\ECGsimmain.PNG
https://www.ecgsim.org/pictures/verticaal/IMG_8280.jpg,downloaded,image/jpeg,24377,research\source\www.ecgsim.org\pictures\verticaal\IMG_8280.jpg
https://www.ecgsim.org/pictures/verticaal/thom.jpg,downloaded,image/jpeg,25711,research\source\www.ecgsim.org\pictures\verticaal\thom.jpg
http://www.mbfys.ru.nl/~thom,skipped_external,,0,
http://www.ru.nl/donders,skipped_external,,0,
http://www.ru.nl,skipped_external,,0,
http://www.umcn.nl/Research,skipped_external,,0,
https://www.ecgsim.org/pictures/verticaal/Peter_van_Dam.jpg,downloaded,image/jpeg,10847,research\source\www.ecgsim.org\pictures\verticaal\Peter_van_Dam.jpg
http://www.stitpro.nl,skipped_external,,0,
http://www.dennisvloedmans.nl,skipped_external,,0,
http://www.weezenhof.com,skipped_external,,0,
https://www.ecgsim.org/graphics/copy2015.png,downloaded,image/png,11925,research\source\www.ecgsim.org\graphics\copy2015.png
https://www.ecgsim.org/pictures/horizontaal/IMG_8560.jpg,downloaded,image/jpeg,79266,research\source\www.ecgsim.org\pictures\horizontaal\IMG_8560.jpg
https://www.ecgsim.org/manual/index.php,downloaded,text/html; charset=UTF-8,9881,research\source\www.ecgsim.org\manual\index.php
http://www.gnu.org/licenses/gpl.html,skipped_external,,0,
http://www.ecgsim.org/contact.php,downloaded,text/html; charset=UTF-8,2389,research\source\www.ecgsim.org\contact.php
http://www.peacs.nl,skipped_external,,0,
https://www.ecgsim.org/manual/graphics/peacs-logo.PNG,downloaded,image/png,7142,research\source\www.ecgsim.org\manual\graphics\peacs-logo.PNG
https://www.ecgsim.org/pictures/horizontaal/IMG_8464.jpg,downloaded,image/jpeg,91732,research\source\www.ecgsim.org\pictures\horizontaal\IMG_8464.jpg
https://www.ecgsim.org/pictures/horizontaal/IMG_8529.jpg,downloaded,image/jpeg,89284,research\source\www.ecgsim.org\pictures\horizontaal\IMG_8529.jpg
http://www.ecgsim.org/papers/EcgsimHeart.pdf,downloaded,application/pdf,188501,research\source\www.ecgsim.org\papers\EcgsimHeart.pdf
http://www.ecgsim.org/papers/florida.pdf,downloaded,application/pdf,395153,research\source\www.ecgsim.org\papers\florida.pdf
http://www.ecgsim.org/papers/brasilreturn.pdf,downloaded,application/pdf,68375,research\source\www.ecgsim.org\papers\brasilreturn.pdf
http://www.ecgsim.org/papers/lausanne.pdf,downloaded,application/pdf,174296,research\source\www.ecgsim.org\papers\lausanne.pdf
http://www.cinc.org/archives/2011/pdf/0657.pdf,downloaded,application/pdf,469370,research\source\www.cinc.org\archives\2011\pdf\0657.pdf
https://www.ecgsim.org/pictures/horizontaal/IMG_8422.jpg,downloaded,image/jpeg,87591,research\source\www.ecgsim.org\pictures\horizontaal\IMG_8422.jpg
http://www.ecgsim.org/downloads/ecgsimprogram.php,downloaded,text/html; charset=UTF-8,5037,research\source\www.ecgsim.org\downloads\ecgsimprogram.php
https://www.ecgsim.org/manual/graphics/NoUpdateMsg.png,downloaded,image/png,2573,research\source\www.ecgsim.org\manual\graphics\NoUpdateMsg.png
https://www.ecgsim.org/manual/graphics/NewUpdateDlg.png,downloaded,image/png,15178,research\source\www.ecgsim.org\manual\graphics\NewUpdateDlg.png
https://www.ecgsim.org/manual/graphics/UpdateAppInMenu.png,downloaded,image/png,9243,research\source\www.ecgsim.org\manual\graphics\UpdateAppInMenu.png
https://www.ecgsim.org/manual/graphics/UpdateApp.png,downloaded,image/png,52942,research\source\www.ecgsim.org\manual\graphics\UpdateApp.png
https://www.ecgsim.org/downloads/index.php,downloaded,text/html; charset=UTF-8,6250,research\source\www.ecgsim.org\downloads\index.php
https://www.ecgsim.org/tutorial/ecgsimtut2.pdf,downloaded,application/pdf,449661,research\source\www.ecgsim.org\tutorial\ecgsimtut2.pdf
https://www.ecgsim.org/tutorial/ecgsimtut13.pdf,downloaded,application/pdf,121763,research\source\www.ecgsim.org\tutorial\ecgsimtut13.pdf
https://www.ecgsim.org/pictures/horizontaal/IMG_8431.jpg,downloaded,image/jpeg,70902,research\source\www.ecgsim.org\pictures\horizontaal\IMG_8431.jpg
https://www.ecgsim.org/downloads/cases/BergerEtAlJAmCollCardiol48.pdf,downloaded,application/pdf,4568056,research\source\www.ecgsim.org\downloads\cases\BergerEtAlJAmCollCardiol48.pdf
https://www.ecgsim.org/downloads/cases/WPW_fusionbeat.ECGsimcase,downloaded,,16875796,research\source\www.ecgsim.org\downloads\cases\WPW_fusionbeat.ECGsimcase
https://www.ecgsim.org/downloads/cases/WPW_Bundleonly.ECGsimcase,downloaded,,16809796,research\source\www.ecgsim.org\downloads\cases\WPW_Bundleonly.ECGsimcase
https://www.ecgsim.org/downloads/cases/WPW_ectopicbeat.ECGsimcase,downloaded,,17451796,research\source\www.ecgsim.org\downloads\cases\WPW_ectopicbeat.ECGsimcase
https://www.ecgsim.org/downloads/cases/normal_male2.ECGsimcase,downloaded,,11323178,research\source\www.ecgsim.org\downloads\cases\normal_male2.ECGsimcase
https://www.ecgsim.org/pictures/horizontaal/IMG_8405.jpg,downloaded,image/jpeg,85212,research\source\www.ecgsim.org\pictures\horizontaal\IMG_8405.jpg
https://www.ecgsim.org/downloads/loadmat.m,downloaded,application/vnd.wolfram.mathematica.package,2017,research\source\www.ecgsim.org\downloads\loadmat.m
https://www.ecgsim.org/downloads/loadtri.m,downloaded,application/vnd.wolfram.mathematica.package,1194,research\source\www.ecgsim.org\downloads\loadtri.m
https://www.ecgsim.org/downloads/readECGsim.m,downloaded,application/vnd.wolfram.mathematica.package,11004,research\source\www.ecgsim.org\downloads\readECGsim.m
https://www.ecgsim.org/downloads/other13/downloadgeo.php,downloaded,text/html; charset=UTF-8,5317,research\source\www.ecgsim.org\downloads\other13\downloadgeo.php
https://www.ecgsim.org/downloads/other13/downloadmcg.php,downloaded,text/html; charset=UTF-8,2839,research\source\www.ecgsim.org\downloads\other13\downloadmcg.php
https://www.ecgsim.org/downloads/other13/downloadalt.php,downloaded,text/html; charset=UTF-8,5317,research\source\www.ecgsim.org\downloads\other13\downloadalt.php
https://www.ecgsim.org/downloads/other13/help,downloaded,text/html,1405,research\source\www.ecgsim.org\downloads\other13\help\index.html
https://www.ecgsim.org/pictures/horizontaal/IMG_8651.jpg,downloaded,image/jpeg,105953,research\source\www.ecgsim.org\pictures\horizontaal\IMG_8651.jpg
https://www.ecgsim.org/manual/graphics/slope.png,downloaded,image/png,650,research\source\www.ecgsim.org\manual\graphics\slope.png
https://www.ecgsim.org/manual/graphics/time_shift.png,downloaded,image/png,575,research\source\www.ecgsim.org\manual\graphics\time_shift.png
https://www.ecgsim.org/manual/graphics/heart_surfacefunc.PNG,downloaded,image/png,82194,research\source\www.ecgsim.org\manual\graphics\heart_surfacefunc.PNG
https://www.ecgsim.org/manual/clipboard.php,downloaded,text/html; charset=UTF-8,4660,research\source\www.ecgsim.org\manual\clipboard.php
https://www.ecgsim.org/manual/graphics/centerrange.png,downloaded,image/png,2738,research\source\www.ecgsim.org\manual\graphics\centerrange.png
https://www.ecgsim.org/manual/graphics/rangeZone.png,downloaded,image/png,3119,research\source\www.ecgsim.org\manual\graphics\rangeZone.png
https://www.ecgsim.org/manual/graphics/probe.png,downloaded,image/png,1203,research\source\www.ecgsim.org\manual\graphics\probe.png
https://www.ecgsim.org/manual/graphics/focus.png,downloaded,image/png,999,research\source\www.ecgsim.org\manual\graphics\focus.png
https://www.ecgsim.org/manual/graphics/atria.png,downloaded,image/png,3054,research\source\www.ecgsim.org\manual\graphics\atria.png
https://www.ecgsim.org/manual/graphics/ventricle.png,downloaded,image/png,3991,research\source\www.ecgsim.org\manual\graphics\ventricle.png
https://www.ecgsim.org/manual/graphics/heart_atria.PNG,downloaded,image/png,22725,research\source\www.ecgsim.org\manual\graphics\heart_atria.PNG
https://www.ecgsim.org/manual/graphics/heart_ventricles.png,downloaded,image/png,24696,research\source\www.ecgsim.org\manual\graphics\heart_ventricles.png
https://www.ecgsim.org/manual/graphics/initialheartvaluesHeart.png,downloaded,image/png,2510,research\source\www.ecgsim.org\manual\graphics\initialheartvaluesHeart.png
https://www.ecgsim.org/manual/graphics/useradaptedheartvaluesHeart.png,downloaded,image/png,3951,research\source\www.ecgsim.org\manual\graphics\useradaptedheartvaluesHeart.png
https://www.ecgsim.org/manual/graphics/depolarization.png,downloaded,image/png,459,research\source\www.ecgsim.org\manual\graphics\depolarization.png
https://www.ecgsim.org/manual/graphics/repolarization.png,downloaded,image/png,965,research\source\www.ecgsim.org\manual\graphics\repolarization.png
https://www.ecgsim.org/manual/graphics/duration.png,downloaded,image/png,1043,research\source\www.ecgsim.org\manual\graphics\duration.png
https://www.ecgsim.org/manual/graphics/amplitude.png,downloaded,image/png,1069,research\source\www.ecgsim.org\manual\graphics\amplitude.png
https://www.ecgsim.org/manual/graphics/restpot.png,downloaded,image/png,652,research\source\www.ecgsim.org\manual\graphics\restpot.png
https://www.ecgsim.org/manual/graphics/TMP.png,downloaded,image/png,900,research\source\www.ecgsim.org\manual\graphics\TMP.png
https://www.ecgsim.org/manual/graphics/geometry.png,downloaded,image/png,2787,research\source\www.ecgsim.org\manual\graphics\geometry.png
https://www.ecgsim.org/manual/graphics/contribution.png,downloaded,image/png,568,research\source\www.ecgsim.org\manual\graphics\contribution.png
https://www.ecgsim.org/manual/transfer.php,downloaded,text/html; charset=UTF-8,6869,research\source\www.ecgsim.org\manual\transfer.php
https://www.ecgsim.org/manual/graphics/adaptSurface.png,downloaded,image/png,824,research\source\www.ecgsim.org\manual\graphics\adaptSurface.png
https://www.ecgsim.org/manual/graphics/switchWallSide.png,downloaded,image/png,1011,research\source\www.ecgsim.org\manual\graphics\switchWallSide.png
https://www.ecgsim.org/manual/graphics/transmural.png,downloaded,image/png,873,research\source\www.ecgsim.org\manual\graphics\transmural.png
https://www.ecgsim.org/manual/graphics/singleWallSide.png,downloaded,image/png,925,research\source\www.ecgsim.org\manual\graphics\singleWallSide.png
https://www.ecgsim.org/manual/graphics/cummulation_mode.png,downloaded,image/png,21746,research\source\www.ecgsim.org\manual\graphics\cummulation_mode.png
https://www.ecgsim.org/manual/graphics/singleselect.png,downloaded,image/png,3002,research\source\www.ecgsim.org\manual\graphics\singleselect.png
https://www.ecgsim.org/manual/graphics/AddSingleselect.png,downloaded,image/png,2904,research\source\www.ecgsim.org\manual\graphics\AddSingleselect.png
https://www.ecgsim.org/manual/graphics/addselect.png,downloaded,image/png,2956,research\source\www.ecgsim.org\manual\graphics\addselect.png
https://www.ecgsim.org/manual/graphics/heart_vector.png,downloaded,image/png,41826,research\source\www.ecgsim.org\manual\graphics\heart_vector.png
https://www.ecgsim.org/manual/graphics/thorax_view.PNG,downloaded,image/png,27355,research\source\www.ecgsim.org\manual\graphics\thorax_view.PNG
https://www.ecgsim.org/manual/graphics/thorax_potentials.PNG,downloaded,image/png,32087,research\source\www.ecgsim.org\manual\graphics\thorax_potentials.PNG
https://www.ecgsim.org/manual/graphics/torso.png,downloaded,image/png,2554,research\source\www.ecgsim.org\manual\graphics\torso.png
https://www.ecgsim.org/manual/graphics/measSurface.png,downloaded,image/png,1341,research\source\www.ecgsim.org\manual\graphics\measSurface.png
https://www.ecgsim.org/manual/graphics/initSurfaceActive.png,downloaded,image/png,2308,research\source\www.ecgsim.org\manual\graphics\initSurfaceActive.png
https://www.ecgsim.org/manual/graphics/thoraxwithlungs.png,downloaded,image/png,2677,research\source\www.ecgsim.org\manual\graphics\thoraxwithlungs.png
https://www.ecgsim.org/manual/graphics/thoraxnolungs.png,downloaded,image/png,2421,research\source\www.ecgsim.org\manual\graphics\thoraxnolungs.png
https://www.ecgsim.org/manual/graphics/Hide_Electrodes_lungs.png,downloaded,image/png,2760,research\source\www.ecgsim.org\manual\graphics\Hide_Electrodes_lungs.png
https://www.ecgsim.org/manual/graphics/show_Electrodes.png,downloaded,image/png,3008,research\source\www.ecgsim.org\manual\graphics\show_Electrodes.png
https://www.ecgsim.org/manual/graphics/heart_rotate.png,downloaded,image/png,2338,research\source\www.ecgsim.org\manual\graphics\heart_rotate.png
https://www.ecgsim.org/manual/graphics/media-play-32.png,downloaded,image/png,413,research\source\www.ecgsim.org\manual\graphics\media-play-32.png
https://www.ecgsim.org/manual/graphics/heart_movie.PNG,downloaded,image/png,39399,research\source\www.ecgsim.org\manual\graphics\heart_movie.PNG
https://www.ecgsim.org/manual/graphics/thorax_movie.PNG,downloaded,image/png,26242,research\source\www.ecgsim.org\manual\graphics\thorax_movie.PNG
https://www.ecgsim.org/manual/graphics/TMPview.PNG,downloaded,image/png,16412,research\source\www.ecgsim.org\manual\graphics\TMPview.PNG
https://www.ecgsim.org/manual/graphics/resetBeat.png,downloaded,image/png,4047,research\source\www.ecgsim.org\manual\graphics\resetBeat.png
https://www.ecgsim.org/manual/graphics/TMPviewEMG.PNG,downloaded,image/png,18781,research\source\www.ecgsim.org\manual\graphics\TMPviewEMG.PNG
https://www.ecgsim.org/manual/graphics/ECGS_12_leads.PNG,downloaded,image/png,45361,research\source\www.ecgsim.org\manual\graphics\ECGS_12_leads.PNG
https://www.ecgsim.org/manual/graphics/signals.png,downloaded,image/png,1572,research\source\www.ecgsim.org\manual\graphics\signals.png
https://www.ecgsim.org/manual/graphics/measECG.png,downloaded,image/png,895,research\source\www.ecgsim.org\manual\graphics\measECG.png
https://www.ecgsim.org/manual/graphics/initECG.png,downloaded,image/png,881,research\source\www.ecgsim.org\manual\graphics\initECG.png
https://www.ecgsim.org/manual/graphics/adaptECG.png,downloaded,image/png,813,research\source\www.ecgsim.org\manual\graphics\adaptECG.png
https://www.ecgsim.org/manual/graphics/elg.png,downloaded,image/png,629,research\source\www.ecgsim.org\manual\graphics\elg.png
https://www.ecgsim.org/manual/graphics/Rms.png,downloaded,image/png,2231,research\source\www.ecgsim.org\manual\graphics\Rms.png
https://www.ecgsim.org/manual/graphics/ECG_RMS.PNG,downloaded,image/png,54588,research\source\www.ecgsim.org\manual\graphics\ECG_RMS.PNG
https://www.ecgsim.org/manual/graphics/baseline.png,downloaded,image/png,442,research\source\www.ecgsim.org\manual\graphics\baseline.png
https://www.ecgsim.org/manual/graphics/DC.png,downloaded,image/png,321,research\source\www.ecgsim.org\manual\graphics\DC.png
https://www.ecgsim.org/manual/graphics/AC.png,downloaded,image/png,935,research\source\www.ecgsim.org\manual\graphics\AC.png
https://www.ecgsim.org/manual/graphics/VCGS.PNG,downloaded,image/png,59855,research\source\www.ecgsim.org\manual\graphics\VCGS.PNG
https://www.ecgsim.org/manual/graphics/views.PNG,downloaded,image/png,20870,research\source\www.ecgsim.org\manual\graphics\views.PNG
https://www.ecgsim.org/manual/graphics/avconduction_manual.png,downloaded,image/png,18498,research\source\www.ecgsim.org\manual\graphics\avconduction_manual.png
https://www.ecgsim.org/manual/graphics/statistics.PNG,downloaded,image/png,41965,research\source\www.ecgsim.org\manual\graphics\statistics.PNG
https://www.ecgsim.org/manual/graphics/transitionzone.PNG,downloaded,image/png,22936,research\source\www.ecgsim.org\manual\graphics\transitionzone.PNG
https://www.ecgsim.org/manual/graphics/focusdialogConstruction.PNG,downloaded,image/png,31862,research\source\www.ecgsim.org\manual\graphics\focusdialogConstruction.PNG
https://www.ecgsim.org/manual/graphics/focusdialogManipulation.PNG,downloaded,image/png,32088,research\source\www.ecgsim.org\manual\graphics\focusdialogManipulation.PNG
https://www.ecgsim.org/manual/graphics/focus_single.PNG,downloaded,image/png,188242,research\source\www.ecgsim.org\manual\graphics\focus_single.PNG
https://www.ecgsim.org/manual/graphics/focus_merged.PNG,downloaded,image/png,186915,research\source\www.ecgsim.org\manual\graphics\focus_merged.PNG
https://www.ecgsim.org/manual/graphics/ECGsimoptions.PNG,downloaded,image/png,29417,research\source\www.ecgsim.org\manual\graphics\ECGsimoptions.PNG
http://www.ecgsim.org/downloads/cases.php,downloaded,text/html; charset=UTF-8,3769,research\source\www.ecgsim.org\downloads\cases.php
https://www.ecgsim.org/manual/graphics/export_dir.png,downloaded,image/png,5560,research\source\www.ecgsim.org\manual\graphics\export_dir.png
https://www.ecgsim.org/downloads/favicon.ico,downloaded,image/vnd.microsoft.icon,7406,research\source\www.ecgsim.org\downloads\favicon.ico
https://www.ecgsim.org/downloads/exercises.php,downloaded,text/html; charset=UTF-8,2946,research\source\www.ecgsim.org\downloads\exercises.php
https://www.ecgsim.org/pictures/horizontaal/IMG_8688.jpg,downloaded,image/jpeg,99147,research\source\www.ecgsim.org\pictures\horizontaal\IMG_8688.jpg
https://www.ecgsim.org/pictures/horizontaal/IMG_8707.jpg,downloaded,image/jpeg,89818,research\source\www.ecgsim.org\pictures\horizontaal\IMG_8707.jpg
https://www.ecgsim.org/downloads/other13/favicon.ico,downloaded,text/html; charset=UTF-8,1931,research\source\www.ecgsim.org\404.php
https://www.ecgsim.org/sitemap.php,downloaded,text/html; charset=UTF-8,1931,research\source\www.ecgsim.org\404.php
https://www.ecgsim.org/downloads/other13/geometry/heart.tri,downloaded,,16803,research\source\www.ecgsim.org\downloads\other13\geometry\heart.tri
https://www.ecgsim.org/downloads/other13/geometry/thorax.tri,downloaded,,18842,research\source\www.ecgsim.org\downloads\other13\geometry\thorax.tri
https://www.ecgsim.org/downloads/other13/geometry/rlung.tri,downloaded,,7250,research\source\www.ecgsim.org\downloads\other13\geometry\rlung.tri
https://www.ecgsim.org/downloads/other13/geometry/llung.tri,downloaded,,7250,research\source\www.ecgsim.org\downloads\other13\geometry\llung.tri
https://www.ecgsim.org/downloads/other13/geometry/lcav.tri,downloaded,,4264,research\source\www.ecgsim.org\downloads\other13\geometry\lcav.tri
https://www.ecgsim.org/downloads/other13/geometry/rcav.tri,downloaded,,6364,research\source\www.ecgsim.org\downloads\other13\geometry\rcav.tri
https://www.ecgsim.org/downloads/other13/geometry/wct.tra,downloaded,application/vnd.trueapp,939021,research\source\www.ecgsim.org\downloads\other13\geometry\wct.tra
https://www.ecgsim.org/pictures/horizontaal/IMG_8432.jpg,downloaded,image/jpeg,75150,research\source\www.ecgsim.org\pictures\horizontaal\IMG_8432.jpg
https://www.ecgsim.org/downloads/other13/mcg/gumcg300.tra,downloaded,application/vnd.trueapp,253961,research\source\www.ecgsim.org\downloads\other13\mcg\gumcg300.tra
https://www.ecgsim.org/downloads/other13/mcg/gumcg.obs,downloaded,,4453,research\source\www.ecgsim.org\downloads\other13\mcg\gumcg.obs
https://www.ecgsim.org/downloads/other13/mcg/gumcg.int,downloaded,,98857,research\source\www.ecgsim.org\downloads\other13\mcg\gumcg.int
https://www.ecgsim.org/downloads/other13/mcg/mcg.lay,downloaded,,246,research\source\www.ecgsim.org\downloads\other13\mcg\mcg.lay
https://www.ecgsim.org/pictures/horizontaal/IMG_8731.jpg,downloaded,image/jpeg,30371,research\source\www.ecgsim.org\pictures\horizontaal\IMG_8731.jpg
https://www.ecgsim.org/downloads/other13/help/index.html,downloaded,text/html,1405,research\source\www.ecgsim.org\downloads\other13\help\index.html
https://www.ecgsim.org/downloads/other13/help/ecgsim_s.gif,downloaded,image/gif,155,research\source\www.ecgsim.org\downloads\other13\help\ecgsim_s.gif
https://www.ecgsim.org/downloads/other13/help/intro.html,downloaded,text/html,4960,research\source\www.ecgsim.org\downloads\other13\help\intro.html
https://www.ecgsim.org/downloads/other13/help/basic.html,downloaded,text/html,3019,research\source\www.ecgsim.org\downloads\other13\help\basic.html
https://www.ecgsim.org/downloads/other13/help/file.html,downloaded,text/html,11165,research\source\www.ecgsim.org\downloads\other13\help\file.html
https://www.ecgsim.org/downloads/other13/help/heart.html,downloaded,text/html,8664,research\source\www.ecgsim.org\downloads\other13\help\heart.html
https://www.ecgsim.org/downloads/other13/help/thorax.html,downloaded,text/html,6750,research\source\www.ecgsim.org\downloads\other13\help\thorax.html
https://www.ecgsim.org/downloads/other13/help/membrane.html,downloaded,text/html,12001,research\source\www.ecgsim.org\downloads\other13\help\membrane.html
https://www.ecgsim.org/downloads/other13/help/ecgs.html,downloaded,text/html,5238,research\source\www.ecgsim.org\downloads\other13\help\ecgs.html
https://www.ecgsim.org/downloads/other13/help/movie.html,downloaded,text/html,1996,research\source\www.ecgsim.org\downloads\other13\help\movie.html
https://www.ecgsim.org/downloads/other13/help/mac.html,downloaded,text/html,1118,research\source\www.ecgsim.org\downloads\other13\help\mac.html
https://www.ecgsim.org/downloads/other13/help/help.html,downloaded,text/html,2521,research\source\www.ecgsim.org\downloads\other13\help\help.html
https://www.ecgsim.org/downloads/other13/help/mcg.html,downloaded,text/html,6201,research\source\www.ecgsim.org\downloads\other13\help\mcg.html
https://www.ecgsim.org/downloads/other13/help/altgeo.html,downloaded,text/html,5727,research\source\www.ecgsim.org\downloads\other13\help\altgeo.html
https://www.ecgsim.org/downloads/other13/help/changes.html,downloaded,text/html,3367,research\source\www.ecgsim.org\downloads\other13\help\changes.html
https://www.ecgsim.org/downloads/other13/help/ref.html,downloaded,text/html,3797,research\source\www.ecgsim.org\downloads\other13\help\ref.html
https://www.ecgsim.org/downloads/other13/help/license.html,downloaded,text/html,1525,research\source\www.ecgsim.org\downloads\other13\help\license.html
https://www.ecgsim.org/pictures/horizontaal/IMG_8603.jpg,downloaded,image/jpeg,93755,research\source\www.ecgsim.org\pictures\horizontaal\IMG_8603.jpg
https://www.ecgsim.org/downloads/ecgsimprogram.php,downloaded,text/html; charset=UTF-8,5037,research\source\www.ecgsim.org\downloads\ecgsimprogram.php
https://www.ecgsim.org/pictures/horizontaal/IMG_8452.jpg,downloaded,image/jpeg,121731,research\source\www.ecgsim.org\pictures\horizontaal\IMG_8452.jpg
http://www.mbfys.ru.nl,skipped_external,,0,
http://www.ecgsim.org/mail-form.php,downloaded,text/html; charset=UTF-8,1931,research\source\www.ecgsim.org\404.php
https://www.ecgsim.org/downloads/other13/help/adres.gif,downloaded,image/gif,228,research\source\www.ecgsim.org\downloads\other13\help\adres.gif
https://www.ecgsim.org/downloads/other13/help/clipboard.html,downloaded,text/html,1317,research\source\www.ecgsim.org\downloads\other13\help\clipboard.html
https://www.ecgsim.org/downloads/other13/help/transfer.html,downloaded,text/html,3433,research\source\www.ecgsim.org\downloads\other13\help\transfer.html
https://www.ecgsim.org/downloads/other13/help/membrane,downloaded,text/html; charset=UTF-8,1931,research\source\www.ecgsim.org\404.php
https://www.ecgsim.org/downloads/other13/help/ecgs,downloaded,text/html; charset=UTF-8,1931,research\source\www.ecgsim.org\404.php
http://www.ecgsim.org/downloadmcg.html,downloaded,text/html; charset=UTF-8,1931,research\source\www.ecgsim.org\404.php
https://www.ecgsim.org/downloads/other13/help/range.html,downloaded,text/html; charset=UTF-8,1931,research\source\www.ecgsim.org\404.php
http://www.ecgsim.org/downloadalt.html,downloaded,text/html; charset=UTF-8,1931,research\source\www.ecgsim.org\404.php
https://www.ecgsim.org/downloads/other13/help/gpl.html,downloaded,text/html,17349,research\source\www.ecgsim.org\downloads\other13\help\gpl.html
https://www.ecgsim.org/pictures/horizontaal/IMG_8389.jpg,downloaded,image/jpeg,82414,research\source\www.ecgsim.org\pictures\horizontaal\IMG_8389.jpg
http://www.gnu.org/home.html,skipped_external,,0,
